x, y, z, bx, by, bz, tx, ty, tz, end_width, LA.vx, LA.vy, LA.vz, LA.end, HA
0.03843862, 0.00074164744, 0.19739963, -0.033395972, 0.057241924, 0.019986924, -0.042955395, 0.069446, 0.02, 3.4391274e-08, -0.7100070326667467, 0.10802328007631098, -1, 1, 0
