x, y, z, bx, by, bz, tx, ty, tz, end_width, LA.vx, LA.vy, LA.vz, LA.end, HA
0.03843862, 0.00074164744, 0.19739963, -0.05205479, 0.0697, 0.019986924, -0.07874341, 0.09424314, 0.02, 3.4391274e-08, -0.9676141972666261, -0.10987145838747642, -1, 0.882010486391739, 0
