x, y, z, bx, by, bz, tx, ty, tz, end_width, LA.vx, LA.vy, LA.vz, LA.end, HA
0.03843862, 0.00074164744, 0.19739963, -0.14275429, 0.08837798, 0.01998982, -0.12194574, 0.0948924, 0.02, 3.4391274e-08, -0.6324525159262058, 0.8375283195362717, -0.3820490692839974, 0.7263912751285859, 0
