x, y, z, bx, by, bz, tx, ty, tz, end_width, LA.vx, LA.vy, LA.vz, LA.end, HA
0.03843862, 0.00074164744, 0.19739963, 0.05662161, -0.06425326, -0.17740981, 0.086990654, 0.11132505, -0.17739964, 3.4391274e-08, 0.7152095, -0.71027523, -0.99987125, -0.99999976, 0
0.0694755, -0.020631865, 0.18394661, 0.025584951, -0.042879917, -0.16395684, 0.05595377, 0.13269857, -0.16394661, 4.8183775e-08, 0.32641244, 0.11394465, -0.99303645, -0.13962424, 0
0.07085244, -0.028521268, 0.12444926, 0.024208263, -0.034990676, -0.104459494, 0.05457683, 0.14058796, -0.10444926, 5.997117e-09, 0.8587884, -0.655411, -0.9653635, 0.08964789, 0
