x, y, z, bx, by, bz, tx, ty, tz, end_width, LA.vx, LA.vy, LA.vz, LA.end, HA
0.03843862, 0.00074164744, 0.19739963, -0.11446826, -0.018654482, -0.1774129, -0.13068199, -0.026956936, -0.17739964, 3.4391274e-08, 1.0, 1.0, -1.0, -1.0, 0
