x, y, z, bx, by, bz, tx, ty, tz, end_width, LA.vx, LA.vy, LA.vz, LA.end, HA
0.03843862, 0.00074164744, 0.19739963, 0.12686916, -0.10356227, 0.019985829, 0.11282427, -0.14788151, 0.033495285, 3.4391274e-08, -0.14198048102188798, -0.8502780129333867, -1, 1, 0
