x, y, z, bx, by, bz, tx, ty, tz, end_width, LA.vx, LA.vy, LA.vz, LA.end, HA
0.03843862, 0.00074164744, 0.19739963, -0.09045425, -0.06766834, -0.17741011, -0.10452001, -0.112799615, -0.17739964, 3.4391274e-08, 1.0, 1.0, -1.0, 0.87750006, 0
