x, y, z, bx, by, bz, tx, ty, tz, end_width, LA.vx, LA.vy, LA.vz, LA.end, HA
0.03843862, 0.00074164744, 0.19739963, -0.14713041, -0.08878745, 0.01998953, -0.14770265, -0.12801768, 0.02, 3.4391274e-08, -1, -0.5933297720827838, -0.8848948446557411, 1, 0
