x, y, z, bx, by, bz, tx, ty, tz, end_width, LA.vx, LA.vy, LA.vz, LA.end, HA
0.03843862, 0.00074164744, 0.19739963, -0.08607028, 0.07829744, 0.01998953, -0.05508135, 0.06546614, 0.02, 3.4391274e-08, -0.41433208118229115, 0.06988769745889112, -0.6102332629834245, 0.44644159430567176, 0
