x, y, z, bx, by, bz, tx, ty, tz, end_width, LA.vx, LA.vy, LA.vz, LA.end, HA
0.03843862, 0.00074164744, 0.19739963, -0.0047033057, 0.023904564, -0.1774138, -0.037955385, -0.012195802, -0.17739964, 3.4391274e-08, 1.0, 1.0, -1.0, -1.0, 0
